archivo,columna_target,valor,cantidad,descripcion
databases/normalized/virus/holdout/test_virus_normalized.csv,VIRUS,0,148,
databases/normalized/virus/holdout/test_virus_normalized.csv,VIRUS,1,33,
databases/normalized/virus/holdout/train_virus_normalized.csv,VIRUS,0,603,
databases/normalized/virus/holdout/train_virus_normalized.csv,VIRUS,1,117,
databases/normalized/virus/folds/val/val_fold_1_virus_normalized.csv,VIRUS,0,61,
databases/normalized/virus/folds/val/val_fold_1_virus_normalized.csv,VIRUS,1,11,
databases/normalized/virus/folds/val/val_fold_5_virus_normalized.csv,VIRUS,0,60,
databases/normalized/virus/folds/val/val_fold_5_virus_normalized.csv,VIRUS,1,12,
databases/normalized/virus/folds/val/val_fold_8_virus_normalized.csv,VIRUS,0,60,
databases/normalized/virus/folds/val/val_fold_8_virus_normalized.csv,VIRUS,1,12,
databases/normalized/virus/folds/val/val_fold_6_virus_normalized.csv,VIRUS,0,60,
databases/normalized/virus/folds/val/val_fold_6_virus_normalized.csv,VIRUS,1,12,
databases/normalized/virus/folds/val/val_fold_10_virus_normalized.csv,VIRUS,0,60,
databases/normalized/virus/folds/val/val_fold_10_virus_normalized.csv,VIRUS,1,12,
databases/normalized/virus/folds/val/val_fold_3_virus_normalized.csv,VIRUS,0,61,
databases/normalized/virus/folds/val/val_fold_3_virus_normalized.csv,VIRUS,1,11,
databases/normalized/virus/folds/val/val_fold_4_virus_normalized.csv,VIRUS,0,60,
databases/normalized/virus/folds/val/val_fold_4_virus_normalized.csv,VIRUS,1,12,
databases/normalized/virus/folds/val/val_fold_9_virus_normalized.csv,VIRUS,0,60,
databases/normalized/virus/folds/val/val_fold_9_virus_normalized.csv,VIRUS,1,12,
databases/normalized/virus/folds/val/val_fold_2_virus_normalized.csv,VIRUS,0,61,
databases/normalized/virus/folds/val/val_fold_2_virus_normalized.csv,VIRUS,1,11,
databases/normalized/virus/folds/val/val_fold_7_virus_normalized.csv,VIRUS,0,60,
databases/normalized/virus/folds/val/val_fold_7_virus_normalized.csv,VIRUS,1,12,
databases/normalized/virus/folds/train/train_fold_5_virus_normalized.csv,VIRUS,0,543,
databases/normalized/virus/folds/train/train_fold_5_virus_normalized.csv,VIRUS,1,105,
databases/normalized/virus/folds/train/train_fold_9_virus_normalized.csv,VIRUS,0,543,
databases/normalized/virus/folds/train/train_fold_9_virus_normalized.csv,VIRUS,1,105,
databases/normalized/virus/folds/train/train_fold_3_virus_normalized.csv,VIRUS,0,542,
databases/normalized/virus/folds/train/train_fold_3_virus_normalized.csv,VIRUS,1,106,
databases/normalized/virus/folds/train/train_fold_8_virus_normalized.csv,VIRUS,0,543,
databases/normalized/virus/folds/train/train_fold_8_virus_normalized.csv,VIRUS,1,105,
databases/normalized/virus/folds/train/train_fold_1_virus_normalized.csv,VIRUS,0,542,
databases/normalized/virus/folds/train/train_fold_1_virus_normalized.csv,VIRUS,1,106,
databases/normalized/virus/folds/train/train_fold_4_virus_normalized.csv,VIRUS,0,543,
databases/normalized/virus/folds/train/train_fold_4_virus_normalized.csv,VIRUS,1,105,
databases/normalized/virus/folds/train/train_fold_7_virus_normalized.csv,VIRUS,0,543,
databases/normalized/virus/folds/train/train_fold_7_virus_normalized.csv,VIRUS,1,105,
databases/normalized/virus/folds/train/train_fold_10_virus_normalized.csv,VIRUS,0,543,
databases/normalized/virus/folds/train/train_fold_10_virus_normalized.csv,VIRUS,1,105,
databases/normalized/virus/folds/train/train_fold_6_virus_normalized.csv,VIRUS,0,543,
databases/normalized/virus/folds/train/train_fold_6_virus_normalized.csv,VIRUS,1,105,
databases/normalized/virus/folds/train/train_fold_2_virus_normalized.csv,VIRUS,0,542,
databases/normalized/virus/folds/train/train_fold_2_virus_normalized.csv,VIRUS,1,106,
databases/normalized/toxicity/holdout/test_toxicity_normalized.csv,Class,0.0,24,
databases/normalized/toxicity/holdout/test_toxicity_normalized.csv,Class,1.0,11,
databases/normalized/toxicity/holdout/train_toxicity_normalized.csv,Class,0.0,91,
databases/normalized/toxicity/holdout/train_toxicity_normalized.csv,Class,1.0,45,
databases/normalized/toxicity/folds/val/val_fold_6_toxicity_normalized.csv,Class,0.0,10,
databases/normalized/toxicity/folds/val/val_fold_6_toxicity_normalized.csv,Class,1.0,4,
databases/normalized/toxicity/folds/val/val_fold_7_toxicity_normalized.csv,Class,0.0,9,
databases/normalized/toxicity/folds/val/val_fold_7_toxicity_normalized.csv,Class,1.0,4,
databases/normalized/toxicity/folds/val/val_fold_2_toxicity_normalized.csv,Class,0.0,9,
databases/normalized/toxicity/folds/val/val_fold_2_toxicity_normalized.csv,Class,1.0,5,
databases/normalized/toxicity/folds/val/val_fold_1_toxicity_normalized.csv,Class,0.0,9,
databases/normalized/toxicity/folds/val/val_fold_1_toxicity_normalized.csv,Class,1.0,5,
databases/normalized/toxicity/folds/val/val_fold_4_toxicity_normalized.csv,Class,0.0,9,
databases/normalized/toxicity/folds/val/val_fold_4_toxicity_normalized.csv,Class,1.0,5,
databases/normalized/toxicity/folds/val/val_fold_9_toxicity_normalized.csv,Class,0.0,9,
databases/normalized/toxicity/folds/val/val_fold_9_toxicity_normalized.csv,Class,1.0,4,
databases/normalized/toxicity/folds/val/val_fold_3_toxicity_normalized.csv,Class,0.0,9,
databases/normalized/toxicity/folds/val/val_fold_3_toxicity_normalized.csv,Class,1.0,5,
databases/normalized/toxicity/folds/val/val_fold_8_toxicity_normalized.csv,Class,0.0,9,
databases/normalized/toxicity/folds/val/val_fold_8_toxicity_normalized.csv,Class,1.0,4,
databases/normalized/toxicity/folds/val/val_fold_5_toxicity_normalized.csv,Class,0.0,9,
databases/normalized/toxicity/folds/val/val_fold_5_toxicity_normalized.csv,Class,1.0,5,
databases/normalized/toxicity/folds/val/val_fold_10_toxicity_normalized.csv,Class,0.0,9,
databases/normalized/toxicity/folds/val/val_fold_10_toxicity_normalized.csv,Class,1.0,4,
databases/normalized/toxicity/folds/train/train_fold_9_toxicity_normalized.csv,Class,0.0,82,
databases/normalized/toxicity/folds/train/train_fold_9_toxicity_normalized.csv,Class,1.0,41,
databases/normalized/toxicity/folds/train/train_fold_8_toxicity_normalized.csv,Class,0.0,82,
databases/normalized/toxicity/folds/train/train_fold_8_toxicity_normalized.csv,Class,1.0,41,
databases/normalized/toxicity/folds/train/train_fold_5_toxicity_normalized.csv,Class,0.0,82,
databases/normalized/toxicity/folds/train/train_fold_5_toxicity_normalized.csv,Class,1.0,40,
databases/normalized/toxicity/folds/train/train_fold_1_toxicity_normalized.csv,Class,0.0,82,
databases/normalized/toxicity/folds/train/train_fold_1_toxicity_normalized.csv,Class,1.0,40,
databases/normalized/toxicity/folds/train/train_fold_4_toxicity_normalized.csv,Class,0.0,82,
databases/normalized/toxicity/folds/train/train_fold_4_toxicity_normalized.csv,Class,1.0,40,
databases/normalized/toxicity/folds/train/train_fold_2_toxicity_normalized.csv,Class,0.0,82,
databases/normalized/toxicity/folds/train/train_fold_2_toxicity_normalized.csv,Class,1.0,40,
databases/normalized/toxicity/folds/train/train_fold_10_toxicity_normalized.csv,Class,0.0,82,
databases/normalized/toxicity/folds/train/train_fold_10_toxicity_normalized.csv,Class,1.0,41,
databases/normalized/toxicity/folds/train/train_fold_6_toxicity_normalized.csv,Class,0.0,81,
databases/normalized/toxicity/folds/train/train_fold_6_toxicity_normalized.csv,Class,1.0,41,
databases/normalized/toxicity/folds/train/train_fold_7_toxicity_normalized.csv,Class,0.0,82,
databases/normalized/toxicity/folds/train/train_fold_7_toxicity_normalized.csv,Class,1.0,41,
databases/normalized/toxicity/folds/train/train_fold_3_toxicity_normalized.csv,Class,0.0,82,
databases/normalized/toxicity/folds/train/train_fold_3_toxicity_normalized.csv,Class,1.0,40,
databases/normalized/DARWIN/holdout/test_DARWIN_normalized.csv,class,1.0,20,
databases/normalized/DARWIN/holdout/test_DARWIN_normalized.csv,class,0.0,15,
databases/normalized/DARWIN/holdout/train_DARWIN_normalized.csv,class,0.0,70,
databases/normalized/DARWIN/holdout/train_DARWIN_normalized.csv,class,1.0,69,
databases/normalized/DARWIN/folds/val/val_fold_3_DARWIN_normalized.csv,class,1.0,7,
databases/normalized/DARWIN/folds/val/val_fold_3_DARWIN_normalized.csv,class,0.0,7,
databases/normalized/DARWIN/folds/val/val_fold_10_DARWIN_normalized.csv,class,0.0,7,
databases/normalized/DARWIN/folds/val/val_fold_10_DARWIN_normalized.csv,class,1.0,6,
databases/normalized/DARWIN/folds/val/val_fold_2_DARWIN_normalized.csv,class,0.0,7,
databases/normalized/DARWIN/folds/val/val_fold_2_DARWIN_normalized.csv,class,1.0,7,
databases/normalized/DARWIN/folds/val/val_fold_5_DARWIN_normalized.csv,class,0.0,7,
databases/normalized/DARWIN/folds/val/val_fold_5_DARWIN_normalized.csv,class,1.0,7,
databases/normalized/DARWIN/folds/val/val_fold_6_DARWIN_normalized.csv,class,1.0,7,
databases/normalized/DARWIN/folds/val/val_fold_6_DARWIN_normalized.csv,class,0.0,7,
databases/normalized/DARWIN/folds/val/val_fold_8_DARWIN_normalized.csv,class,0.0,7,
databases/normalized/DARWIN/folds/val/val_fold_8_DARWIN_normalized.csv,class,1.0,7,
databases/normalized/DARWIN/folds/val/val_fold_9_DARWIN_normalized.csv,class,1.0,7,
databases/normalized/DARWIN/folds/val/val_fold_9_DARWIN_normalized.csv,class,0.0,7,
databases/normalized/DARWIN/folds/val/val_fold_7_DARWIN_normalized.csv,class,0.0,7,
databases/normalized/DARWIN/folds/val/val_fold_7_DARWIN_normalized.csv,class,1.0,7,
databases/normalized/DARWIN/folds/val/val_fold_1_DARWIN_normalized.csv,class,0.0,7,
databases/normalized/DARWIN/folds/val/val_fold_1_DARWIN_normalized.csv,class,1.0,7,
databases/normalized/DARWIN/folds/val/val_fold_4_DARWIN_normalized.csv,class,0.0,7,
databases/normalized/DARWIN/folds/val/val_fold_4_DARWIN_normalized.csv,class,1.0,7,
databases/normalized/DARWIN/folds/train/train_fold_4_DARWIN_normalized.csv,class,0.0,63,
databases/normalized/DARWIN/folds/train/train_fold_4_DARWIN_normalized.csv,class,1.0,62,
databases/normalized/DARWIN/folds/train/train_fold_10_DARWIN_normalized.csv,class,0.0,63,
databases/normalized/DARWIN/folds/train/train_fold_10_DARWIN_normalized.csv,class,1.0,63,
databases/normalized/DARWIN/folds/train/train_fold_6_DARWIN_normalized.csv,class,0.0,63,
databases/normalized/DARWIN/folds/train/train_fold_6_DARWIN_normalized.csv,class,1.0,62,
databases/normalized/DARWIN/folds/train/train_fold_1_DARWIN_normalized.csv,class,0.0,63,
databases/normalized/DARWIN/folds/train/train_fold_1_DARWIN_normalized.csv,class,1.0,62,
databases/normalized/DARWIN/folds/train/train_fold_3_DARWIN_normalized.csv,class,0.0,63,
databases/normalized/DARWIN/folds/train/train_fold_3_DARWIN_normalized.csv,class,1.0,62,
databases/normalized/DARWIN/folds/train/train_fold_7_DARWIN_normalized.csv,class,0.0,63,
databases/normalized/DARWIN/folds/train/train_fold_7_DARWIN_normalized.csv,class,1.0,62,
databases/normalized/DARWIN/folds/train/train_fold_9_DARWIN_normalized.csv,class,0.0,63,
databases/normalized/DARWIN/folds/train/train_fold_9_DARWIN_normalized.csv,class,1.0,62,
databases/normalized/DARWIN/folds/train/train_fold_8_DARWIN_normalized.csv,class,0.0,63,
databases/normalized/DARWIN/folds/train/train_fold_8_DARWIN_normalized.csv,class,1.0,62,
databases/normalized/DARWIN/folds/train/train_fold_5_DARWIN_normalized.csv,class,0.0,63,
databases/normalized/DARWIN/folds/train/train_fold_5_DARWIN_normalized.csv,class,1.0,62,
databases/normalized/DARWIN/folds/train/train_fold_2_DARWIN_normalized.csv,class,0.0,63,
databases/normalized/DARWIN/folds/train/train_fold_2_DARWIN_normalized.csv,class,1.0,62,
databases/normalized/diabetes/holdout/train_diabetes_normalized.csv,Class,0,401,
databases/normalized/diabetes/holdout/train_diabetes_normalized.csv,Class,1,213,
databases/normalized/diabetes/holdout/test_diabetes_normalized.csv,Class,0,99,
databases/normalized/diabetes/holdout/test_diabetes_normalized.csv,Class,1,55,
databases/normalized/diabetes/folds/val/val_fold_6_diabetes_normalized.csv,Class,0,40,
databases/normalized/diabetes/folds/val/val_fold_6_diabetes_normalized.csv,Class,1,21,
databases/normalized/diabetes/folds/val/val_fold_10_diabetes_normalized.csv,Class,0,40,
databases/normalized/diabetes/folds/val/val_fold_10_diabetes_normalized.csv,Class,1,21,
databases/normalized/diabetes/folds/val/val_fold_5_diabetes_normalized.csv,Class,0,40,
databases/normalized/diabetes/folds/val/val_fold_5_diabetes_normalized.csv,Class,1,21,
databases/normalized/diabetes/folds/val/val_fold_2_diabetes_normalized.csv,Class,0,40,
databases/normalized/diabetes/folds/val/val_fold_2_diabetes_normalized.csv,Class,1,22,
databases/normalized/diabetes/folds/val/val_fold_3_diabetes_normalized.csv,Class,0,40,
databases/normalized/diabetes/folds/val/val_fold_3_diabetes_normalized.csv,Class,1,22,
databases/normalized/diabetes/folds/val/val_fold_1_diabetes_normalized.csv,Class,0,41,
databases/normalized/diabetes/folds/val/val_fold_1_diabetes_normalized.csv,Class,1,21,
databases/normalized/diabetes/folds/val/val_fold_4_diabetes_normalized.csv,Class,0,40,
databases/normalized/diabetes/folds/val/val_fold_4_diabetes_normalized.csv,Class,1,22,
databases/normalized/diabetes/folds/val/val_fold_9_diabetes_normalized.csv,Class,0,40,
databases/normalized/diabetes/folds/val/val_fold_9_diabetes_normalized.csv,Class,1,21,
databases/normalized/diabetes/folds/val/val_fold_7_diabetes_normalized.csv,Class,0,40,
databases/normalized/diabetes/folds/val/val_fold_7_diabetes_normalized.csv,Class,1,21,
databases/normalized/diabetes/folds/val/val_fold_8_diabetes_normalized.csv,Class,0,40,
databases/normalized/diabetes/folds/val/val_fold_8_diabetes_normalized.csv,Class,1,21,
databases/normalized/diabetes/folds/train/train_fold_7_diabetes_normalized.csv,Class,0,361,
databases/normalized/diabetes/folds/train/train_fold_7_diabetes_normalized.csv,Class,1,192,
databases/normalized/diabetes/folds/train/train_fold_9_diabetes_normalized.csv,Class,0,361,
databases/normalized/diabetes/folds/train/train_fold_9_diabetes_normalized.csv,Class,1,192,
databases/normalized/diabetes/folds/train/train_fold_10_diabetes_normalized.csv,Class,0,361,
databases/normalized/diabetes/folds/train/train_fold_10_diabetes_normalized.csv,Class,1,192,
databases/normalized/diabetes/folds/train/train_fold_4_diabetes_normalized.csv,Class,0,361,
databases/normalized/diabetes/folds/train/train_fold_4_diabetes_normalized.csv,Class,1,191,
databases/normalized/diabetes/folds/train/train_fold_5_diabetes_normalized.csv,Class,0,361,
databases/normalized/diabetes/folds/train/train_fold_5_diabetes_normalized.csv,Class,1,192,
databases/normalized/diabetes/folds/train/train_fold_8_diabetes_normalized.csv,Class,0,361,
databases/normalized/diabetes/folds/train/train_fold_8_diabetes_normalized.csv,Class,1,192,
databases/normalized/diabetes/folds/train/train_fold_3_diabetes_normalized.csv,Class,0,361,
databases/normalized/diabetes/folds/train/train_fold_3_diabetes_normalized.csv,Class,1,191,
databases/normalized/diabetes/folds/train/train_fold_1_diabetes_normalized.csv,Class,0,360,
databases/normalized/diabetes/folds/train/train_fold_1_diabetes_normalized.csv,Class,1,192,
databases/normalized/diabetes/folds/train/train_fold_2_diabetes_normalized.csv,Class,0,361,
databases/normalized/diabetes/folds/train/train_fold_2_diabetes_normalized.csv,Class,1,191,
databases/normalized/diabetes/folds/train/train_fold_6_diabetes_normalized.csv,Class,0,361,
databases/normalized/diabetes/folds/train/train_fold_6_diabetes_normalized.csv,Class,1,192,
databases/normalized/bacterias/holdout/test_bacterias_normalized.csv,BACT,0,129,
databases/normalized/bacterias/holdout/test_bacterias_normalized.csv,BACT,1,52,
databases/normalized/bacterias/holdout/train_bacterias_normalized.csv,BACT,0,536,
databases/normalized/bacterias/holdout/train_bacterias_normalized.csv,BACT,1,184,
databases/normalized/bacterias/folds/val/val_fold_6_bacterias_normalized.csv,BACT,0,54,
databases/normalized/bacterias/folds/val/val_fold_6_bacterias_normalized.csv,BACT,1,18,
databases/normalized/bacterias/folds/val/val_fold_10_bacterias_normalized.csv,BACT,0,53,
databases/normalized/bacterias/folds/val/val_fold_10_bacterias_normalized.csv,BACT,1,19,
databases/normalized/bacterias/folds/val/val_fold_1_bacterias_normalized.csv,BACT,0,54,
databases/normalized/bacterias/folds/val/val_fold_1_bacterias_normalized.csv,BACT,1,18,
databases/normalized/bacterias/folds/val/val_fold_8_bacterias_normalized.csv,BACT,0,53,
databases/normalized/bacterias/folds/val/val_fold_8_bacterias_normalized.csv,BACT,1,19,
databases/normalized/bacterias/folds/val/val_fold_9_bacterias_normalized.csv,BACT,0,53,
databases/normalized/bacterias/folds/val/val_fold_9_bacterias_normalized.csv,BACT,1,19,
databases/normalized/bacterias/folds/val/val_fold_7_bacterias_normalized.csv,BACT,0,53,
databases/normalized/bacterias/folds/val/val_fold_7_bacterias_normalized.csv,BACT,1,19,
databases/normalized/bacterias/folds/val/val_fold_3_bacterias_normalized.csv,BACT,0,54,
databases/normalized/bacterias/folds/val/val_fold_3_bacterias_normalized.csv,BACT,1,18,
databases/normalized/bacterias/folds/val/val_fold_2_bacterias_normalized.csv,BACT,0,54,
databases/normalized/bacterias/folds/val/val_fold_2_bacterias_normalized.csv,BACT,1,18,
databases/normalized/bacterias/folds/val/val_fold_5_bacterias_normalized.csv,BACT,0,54,
databases/normalized/bacterias/folds/val/val_fold_5_bacterias_normalized.csv,BACT,1,18,
databases/normalized/bacterias/folds/val/val_fold_4_bacterias_normalized.csv,BACT,0,54,
databases/normalized/bacterias/folds/val/val_fold_4_bacterias_normalized.csv,BACT,1,18,
databases/normalized/bacterias/folds/train/train_fold_10_bacterias_normalized.csv,BACT,0,483,
databases/normalized/bacterias/folds/train/train_fold_10_bacterias_normalized.csv,BACT,1,165,
databases/normalized/bacterias/folds/train/train_fold_5_bacterias_normalized.csv,BACT,0,482,
databases/normalized/bacterias/folds/train/train_fold_5_bacterias_normalized.csv,BACT,1,166,
databases/normalized/bacterias/folds/train/train_fold_6_bacterias_normalized.csv,BACT,0,482,
databases/normalized/bacterias/folds/train/train_fold_6_bacterias_normalized.csv,BACT,1,166,
databases/normalized/bacterias/folds/train/train_fold_7_bacterias_normalized.csv,BACT,0,483,
databases/normalized/bacterias/folds/train/train_fold_7_bacterias_normalized.csv,BACT,1,165,
databases/normalized/bacterias/folds/train/train_fold_8_bacterias_normalized.csv,BACT,0,483,
databases/normalized/bacterias/folds/train/train_fold_8_bacterias_normalized.csv,BACT,1,165,
databases/normalized/bacterias/folds/train/train_fold_3_bacterias_normalized.csv,BACT,0,482,
databases/normalized/bacterias/folds/train/train_fold_3_bacterias_normalized.csv,BACT,1,166,
databases/normalized/bacterias/folds/train/train_fold_4_bacterias_normalized.csv,BACT,0,482,
databases/normalized/bacterias/folds/train/train_fold_4_bacterias_normalized.csv,BACT,1,166,
databases/normalized/bacterias/folds/train/train_fold_9_bacterias_normalized.csv,BACT,0,483,
databases/normalized/bacterias/folds/train/train_fold_9_bacterias_normalized.csv,BACT,1,165,
databases/normalized/bacterias/folds/train/train_fold_1_bacterias_normalized.csv,BACT,0,482,
databases/normalized/bacterias/folds/train/train_fold_1_bacterias_normalized.csv,BACT,1,166,
databases/normalized/bacterias/folds/train/train_fold_2_bacterias_normalized.csv,BACT,0,482,
databases/normalized/bacterias/folds/train/train_fold_2_bacterias_normalized.csv,BACT,1,166,
databases/normalized/winequality-red/holdout/test_winequality-red_normalized.csv,class,1,179,
databases/normalized/winequality-red/holdout/test_winequality-red_normalized.csv,class,0,141,
databases/normalized/winequality-red/holdout/train_winequality-red_normalized.csv,class,1,676,
databases/normalized/winequality-red/holdout/train_winequality-red_normalized.csv,class,0,603,
databases/normalized/winequality-red/folds/val/val_fold_9_winequality-red_normalized.csv,class,1,67,
databases/normalized/winequality-red/folds/val/val_fold_9_winequality-red_normalized.csv,class,0,61,
databases/normalized/winequality-red/folds/val/val_fold_6_winequality-red_normalized.csv,class,1,68,
databases/normalized/winequality-red/folds/val/val_fold_6_winequality-red_normalized.csv,class,0,60,
databases/normalized/winequality-red/folds/val/val_fold_2_winequality-red_normalized.csv,class,1,68,
databases/normalized/winequality-red/folds/val/val_fold_2_winequality-red_normalized.csv,class,0,60,
databases/normalized/winequality-red/folds/val/val_fold_1_winequality-red_normalized.csv,class,1,68,
databases/normalized/winequality-red/folds/val/val_fold_1_winequality-red_normalized.csv,class,0,60,
databases/normalized/winequality-red/folds/val/val_fold_10_winequality-red_normalized.csv,class,1,67,
databases/normalized/winequality-red/folds/val/val_fold_10_winequality-red_normalized.csv,class,0,60,
databases/normalized/winequality-red/folds/val/val_fold_7_winequality-red_normalized.csv,class,1,67,
databases/normalized/winequality-red/folds/val/val_fold_7_winequality-red_normalized.csv,class,0,61,
databases/normalized/winequality-red/folds/val/val_fold_4_winequality-red_normalized.csv,class,1,68,
databases/normalized/winequality-red/folds/val/val_fold_4_winequality-red_normalized.csv,class,0,60,
databases/normalized/winequality-red/folds/val/val_fold_8_winequality-red_normalized.csv,class,1,67,
databases/normalized/winequality-red/folds/val/val_fold_8_winequality-red_normalized.csv,class,0,61,
databases/normalized/winequality-red/folds/val/val_fold_5_winequality-red_normalized.csv,class,1,68,
databases/normalized/winequality-red/folds/val/val_fold_5_winequality-red_normalized.csv,class,0,60,
databases/normalized/winequality-red/folds/val/val_fold_3_winequality-red_normalized.csv,class,1,68,
databases/normalized/winequality-red/folds/val/val_fold_3_winequality-red_normalized.csv,class,0,60,
databases/normalized/winequality-red/folds/train/train_fold_3_winequality-red_normalized.csv,class,1,608,
databases/normalized/winequality-red/folds/train/train_fold_3_winequality-red_normalized.csv,class,0,543,
databases/normalized/winequality-red/folds/train/train_fold_2_winequality-red_normalized.csv,class,1,608,
databases/normalized/winequality-red/folds/train/train_fold_2_winequality-red_normalized.csv,class,0,543,
databases/normalized/winequality-red/folds/train/train_fold_8_winequality-red_normalized.csv,class,1,609,
databases/normalized/winequality-red/folds/train/train_fold_8_winequality-red_normalized.csv,class,0,542,
databases/normalized/winequality-red/folds/train/train_fold_1_winequality-red_normalized.csv,class,1,608,
databases/normalized/winequality-red/folds/train/train_fold_1_winequality-red_normalized.csv,class,0,543,
databases/normalized/winequality-red/folds/train/train_fold_6_winequality-red_normalized.csv,class,1,608,
databases/normalized/winequality-red/folds/train/train_fold_6_winequality-red_normalized.csv,class,0,543,
databases/normalized/winequality-red/folds/train/train_fold_9_winequality-red_normalized.csv,class,1,609,
databases/normalized/winequality-red/folds/train/train_fold_9_winequality-red_normalized.csv,class,0,542,
databases/normalized/winequality-red/folds/train/train_fold_7_winequality-red_normalized.csv,class,1,609,
databases/normalized/winequality-red/folds/train/train_fold_7_winequality-red_normalized.csv,class,0,542,
databases/normalized/winequality-red/folds/train/train_fold_4_winequality-red_normalized.csv,class,1,608,
databases/normalized/winequality-red/folds/train/train_fold_4_winequality-red_normalized.csv,class,0,543,
databases/normalized/winequality-red/folds/train/train_fold_5_winequality-red_normalized.csv,class,1,608,
databases/normalized/winequality-red/folds/train/train_fold_5_winequality-red_normalized.csv,class,0,543,
databases/normalized/winequality-red/folds/train/train_fold_10_winequality-red_normalized.csv,class,1,609,
databases/normalized/winequality-red/folds/train/train_fold_10_winequality-red_normalized.csv,class,0,543,
databases/normalized/DIA_trainingANDTESTset_RDKit_descriptors/holdout/train_DIA_trainingANDTESTset_RDKit_descriptors_normalized.csv,Label,0,361,
databases/normalized/DIA_trainingANDTESTset_RDKit_descriptors/holdout/train_DIA_trainingANDTESTset_RDKit_descriptors_normalized.csv,Label,1,116,
databases/normalized/DIA_trainingANDTESTset_RDKit_descriptors/holdout/test_DIA_trainingANDTESTset_RDKit_descriptors_normalized.csv,Label,0,88,
databases/normalized/DIA_trainingANDTESTset_RDKit_descriptors/holdout/test_DIA_trainingANDTESTset_RDKit_descriptors_normalized.csv,Label,1,32,
databases/normalized/DIA_trainingANDTESTset_RDKit_descriptors/folds/val/val_fold_3_DIA_trainingANDTESTset_RDKit_descriptors_normalized.csv,Label,0,36,
databases/normalized/DIA_trainingANDTESTset_RDKit_descriptors/folds/val/val_fold_3_DIA_trainingANDTESTset_RDKit_descriptors_normalized.csv,Label,1,12,
databases/normalized/DIA_trainingANDTESTset_RDKit_descriptors/folds/val/val_fold_10_DIA_trainingANDTESTset_RDKit_descriptors_normalized.csv,Label,0,36,
databases/normalized/DIA_trainingANDTESTset_RDKit_descriptors/folds/val/val_fold_10_DIA_trainingANDTESTset_RDKit_descriptors_normalized.csv,Label,1,11,
databases/normalized/DIA_trainingANDTESTset_RDKit_descriptors/folds/val/val_fold_9_DIA_trainingANDTESTset_RDKit_descriptors_normalized.csv,Label,0,36,
databases/normalized/DIA_trainingANDTESTset_RDKit_descriptors/folds/val/val_fold_9_DIA_trainingANDTESTset_RDKit_descriptors_normalized.csv,Label,1,11,
databases/normalized/DIA_trainingANDTESTset_RDKit_descriptors/folds/val/val_fold_8_DIA_trainingANDTESTset_RDKit_descriptors_normalized.csv,Label,0,36,
databases/normalized/DIA_trainingANDTESTset_RDKit_descriptors/folds/val/val_fold_8_DIA_trainingANDTESTset_RDKit_descriptors_normalized.csv,Label,1,11,
databases/normalized/DIA_trainingANDTESTset_RDKit_descriptors/folds/val/val_fold_2_DIA_trainingANDTESTset_RDKit_descriptors_normalized.csv,Label,0,36,
databases/normalized/DIA_trainingANDTESTset_RDKit_descriptors/folds/val/val_fold_2_DIA_trainingANDTESTset_RDKit_descriptors_normalized.csv,Label,1,12,
databases/normalized/DIA_trainingANDTESTset_RDKit_descriptors/folds/val/val_fold_6_DIA_trainingANDTESTset_RDKit_descriptors_normalized.csv,Label,0,36,
databases/normalized/DIA_trainingANDTESTset_RDKit_descriptors/folds/val/val_fold_6_DIA_trainingANDTESTset_RDKit_descriptors_normalized.csv,Label,1,12,
databases/normalized/DIA_trainingANDTESTset_RDKit_descriptors/folds/val/val_fold_1_DIA_trainingANDTESTset_RDKit_descriptors_normalized.csv,Label,0,37,
databases/normalized/DIA_trainingANDTESTset_RDKit_descriptors/folds/val/val_fold_1_DIA_trainingANDTESTset_RDKit_descriptors_normalized.csv,Label,1,11,
databases/normalized/DIA_trainingANDTESTset_RDKit_descriptors/folds/val/val_fold_7_DIA_trainingANDTESTset_RDKit_descriptors_normalized.csv,Label,0,36,
databases/normalized/DIA_trainingANDTESTset_RDKit_descriptors/folds/val/val_fold_7_DIA_trainingANDTESTset_RDKit_descriptors_normalized.csv,Label,1,12,
databases/normalized/DIA_trainingANDTESTset_RDKit_descriptors/folds/val/val_fold_4_DIA_trainingANDTESTset_RDKit_descriptors_normalized.csv,Label,0,36,
databases/normalized/DIA_trainingANDTESTset_RDKit_descriptors/folds/val/val_fold_4_DIA_trainingANDTESTset_RDKit_descriptors_normalized.csv,Label,1,12,
databases/normalized/DIA_trainingANDTESTset_RDKit_descriptors/folds/val/val_fold_5_DIA_trainingANDTESTset_RDKit_descriptors_normalized.csv,Label,0,36,
databases/normalized/DIA_trainingANDTESTset_RDKit_descriptors/folds/val/val_fold_5_DIA_trainingANDTESTset_RDKit_descriptors_normalized.csv,Label,1,12,
databases/normalized/DIA_trainingANDTESTset_RDKit_descriptors/folds/train/train_fold_7_DIA_trainingANDTESTset_RDKit_descriptors_normalized.csv,Label,0,325,
databases/normalized/DIA_trainingANDTESTset_RDKit_descriptors/folds/train/train_fold_7_DIA_trainingANDTESTset_RDKit_descriptors_normalized.csv,Label,1,104,
databases/normalized/DIA_trainingANDTESTset_RDKit_descriptors/folds/train/train_fold_3_DIA_trainingANDTESTset_RDKit_descriptors_normalized.csv,Label,0,325,
databases/normalized/DIA_trainingANDTESTset_RDKit_descriptors/folds/train/train_fold_3_DIA_trainingANDTESTset_RDKit_descriptors_normalized.csv,Label,1,104,
databases/normalized/DIA_trainingANDTESTset_RDKit_descriptors/folds/train/train_fold_10_DIA_trainingANDTESTset_RDKit_descriptors_normalized.csv,Label,0,325,
databases/normalized/DIA_trainingANDTESTset_RDKit_descriptors/folds/train/train_fold_10_DIA_trainingANDTESTset_RDKit_descriptors_normalized.csv,Label,1,105,
databases/normalized/DIA_trainingANDTESTset_RDKit_descriptors/folds/train/train_fold_9_DIA_trainingANDTESTset_RDKit_descriptors_normalized.csv,Label,0,325,
databases/normalized/DIA_trainingANDTESTset_RDKit_descriptors/folds/train/train_fold_9_DIA_trainingANDTESTset_RDKit_descriptors_normalized.csv,Label,1,105,
databases/normalized/DIA_trainingANDTESTset_RDKit_descriptors/folds/train/train_fold_5_DIA_trainingANDTESTset_RDKit_descriptors_normalized.csv,Label,0,325,
databases/normalized/DIA_trainingANDTESTset_RDKit_descriptors/folds/train/train_fold_5_DIA_trainingANDTESTset_RDKit_descriptors_normalized.csv,Label,1,104,
databases/normalized/DIA_trainingANDTESTset_RDKit_descriptors/folds/train/train_fold_4_DIA_trainingANDTESTset_RDKit_descriptors_normalized.csv,Label,0,325,
databases/normalized/DIA_trainingANDTESTset_RDKit_descriptors/folds/train/train_fold_4_DIA_trainingANDTESTset_RDKit_descriptors_normalized.csv,Label,1,104,
databases/normalized/DIA_trainingANDTESTset_RDKit_descriptors/folds/train/train_fold_2_DIA_trainingANDTESTset_RDKit_descriptors_normalized.csv,Label,0,325,
databases/normalized/DIA_trainingANDTESTset_RDKit_descriptors/folds/train/train_fold_2_DIA_trainingANDTESTset_RDKit_descriptors_normalized.csv,Label,1,104,
databases/normalized/DIA_trainingANDTESTset_RDKit_descriptors/folds/train/train_fold_6_DIA_trainingANDTESTset_RDKit_descriptors_normalized.csv,Label,0,325,
databases/normalized/DIA_trainingANDTESTset_RDKit_descriptors/folds/train/train_fold_6_DIA_trainingANDTESTset_RDKit_descriptors_normalized.csv,Label,1,104,
databases/normalized/DIA_trainingANDTESTset_RDKit_descriptors/folds/train/train_fold_1_DIA_trainingANDTESTset_RDKit_descriptors_normalized.csv,Label,0,324,
databases/normalized/DIA_trainingANDTESTset_RDKit_descriptors/folds/train/train_fold_1_DIA_trainingANDTESTset_RDKit_descriptors_normalized.csv,Label,1,105,
databases/normalized/DIA_trainingANDTESTset_RDKit_descriptors/folds/train/train_fold_8_DIA_trainingANDTESTset_RDKit_descriptors_normalized.csv,Label,0,325,
databases/normalized/DIA_trainingANDTESTset_RDKit_descriptors/folds/train/train_fold_8_DIA_trainingANDTESTset_RDKit_descriptors_normalized.csv,Label,1,105,
databases/normalized/hongos/holdout/test_hongos_normalized.csv,HONG,0,164,
databases/normalized/hongos/holdout/test_hongos_normalized.csv,HONG,1,17,
databases/normalized/hongos/holdout/train_hongos_normalized.csv,HONG,0,655,
databases/normalized/hongos/holdout/train_hongos_normalized.csv,HONG,1,65,
databases/normalized/hongos/folds/val/val_fold_9_hongos_normalized.csv,HONG,0,65,
databases/normalized/hongos/folds/val/val_fold_9_hongos_normalized.csv,HONG,1,7,
databases/normalized/hongos/folds/val/val_fold_6_hongos_normalized.csv,HONG,0,65,
databases/normalized/hongos/folds/val/val_fold_6_hongos_normalized.csv,HONG,1,7,
databases/normalized/hongos/folds/val/val_fold_10_hongos_normalized.csv,HONG,0,65,
databases/normalized/hongos/folds/val/val_fold_10_hongos_normalized.csv,HONG,1,7,
databases/normalized/hongos/folds/val/val_fold_1_hongos_normalized.csv,HONG,0,66,
databases/normalized/hongos/folds/val/val_fold_1_hongos_normalized.csv,HONG,1,6,
databases/normalized/hongos/folds/val/val_fold_5_hongos_normalized.csv,HONG,0,66,
databases/normalized/hongos/folds/val/val_fold_5_hongos_normalized.csv,HONG,1,6,
databases/normalized/hongos/folds/val/val_fold_2_hongos_normalized.csv,HONG,0,66,
databases/normalized/hongos/folds/val/val_fold_2_hongos_normalized.csv,HONG,1,6,
databases/normalized/hongos/folds/val/val_fold_8_hongos_normalized.csv,HONG,0,65,
databases/normalized/hongos/folds/val/val_fold_8_hongos_normalized.csv,HONG,1,7,
databases/normalized/hongos/folds/val/val_fold_4_hongos_normalized.csv,HONG,0,66,
databases/normalized/hongos/folds/val/val_fold_4_hongos_normalized.csv,HONG,1,6,
databases/normalized/hongos/folds/val/val_fold_3_hongos_normalized.csv,HONG,0,66,
databases/normalized/hongos/folds/val/val_fold_3_hongos_normalized.csv,HONG,1,6,
databases/normalized/hongos/folds/val/val_fold_7_hongos_normalized.csv,HONG,0,65,
databases/normalized/hongos/folds/val/val_fold_7_hongos_normalized.csv,HONG,1,7,
databases/normalized/hongos/folds/train/train_fold_2_hongos_normalized.csv,HONG,0,589,
databases/normalized/hongos/folds/train/train_fold_2_hongos_normalized.csv,HONG,1,59,
databases/normalized/hongos/folds/train/train_fold_9_hongos_normalized.csv,HONG,0,590,
databases/normalized/hongos/folds/train/train_fold_9_hongos_normalized.csv,HONG,1,58,
databases/normalized/hongos/folds/train/train_fold_8_hongos_normalized.csv,HONG,0,590,
databases/normalized/hongos/folds/train/train_fold_8_hongos_normalized.csv,HONG,1,58,
databases/normalized/hongos/folds/train/train_fold_6_hongos_normalized.csv,HONG,0,590,
databases/normalized/hongos/folds/train/train_fold_6_hongos_normalized.csv,HONG,1,58,
databases/normalized/hongos/folds/train/train_fold_5_hongos_normalized.csv,HONG,0,589,
databases/normalized/hongos/folds/train/train_fold_5_hongos_normalized.csv,HONG,1,59,
databases/normalized/hongos/folds/train/train_fold_10_hongos_normalized.csv,HONG,0,590,
databases/normalized/hongos/folds/train/train_fold_10_hongos_normalized.csv,HONG,1,58,
databases/normalized/hongos/folds/train/train_fold_3_hongos_normalized.csv,HONG,0,589,
databases/normalized/hongos/folds/train/train_fold_3_hongos_normalized.csv,HONG,1,59,
databases/normalized/hongos/folds/train/train_fold_7_hongos_normalized.csv,HONG,0,590,
databases/normalized/hongos/folds/train/train_fold_7_hongos_normalized.csv,HONG,1,58,
databases/normalized/hongos/folds/train/train_fold_4_hongos_normalized.csv,HONG,0,589,
databases/normalized/hongos/folds/train/train_fold_4_hongos_normalized.csv,HONG,1,59,
databases/normalized/hongos/folds/train/train_fold_1_hongos_normalized.csv,HONG,0,589,
databases/normalized/hongos/folds/train/train_fold_1_hongos_normalized.csv,HONG,1,59,
databases/normalized/gallstone/holdout/train_gallstone_normalized.csv,Gallstone Status,1,127,"Target variable, Gallstones present(1), and absent(0)"
databases/normalized/gallstone/holdout/train_gallstone_normalized.csv,Gallstone Status,0,123,"Target variable, Gallstones present(1), and absent(0)"
databases/normalized/gallstone/holdout/test_gallstone_normalized.csv,Gallstone Status,0,32,"Target variable, Gallstones present(1), and absent(0)"
databases/normalized/gallstone/holdout/test_gallstone_normalized.csv,Gallstone Status,1,31,"Target variable, Gallstones present(1), and absent(0)"
databases/normalized/gallstone/folds/val/val_fold_3_gallstone_normalized.csv,Gallstone Status,0,13,"Target variable, Gallstones present(1), and absent(0)"
databases/normalized/gallstone/folds/val/val_fold_3_gallstone_normalized.csv,Gallstone Status,1,12,"Target variable, Gallstones present(1), and absent(0)"
databases/normalized/gallstone/folds/val/val_fold_4_gallstone_normalized.csv,Gallstone Status,1,13,"Target variable, Gallstones present(1), and absent(0)"
databases/normalized/gallstone/folds/val/val_fold_4_gallstone_normalized.csv,Gallstone Status,0,12,"Target variable, Gallstones present(1), and absent(0)"
databases/normalized/gallstone/folds/val/val_fold_7_gallstone_normalized.csv,Gallstone Status,1,13,"Target variable, Gallstones present(1), and absent(0)"
databases/normalized/gallstone/folds/val/val_fold_7_gallstone_normalized.csv,Gallstone Status,0,12,"Target variable, Gallstones present(1), and absent(0)"
databases/normalized/gallstone/folds/val/val_fold_8_gallstone_normalized.csv,Gallstone Status,1,13,"Target variable, Gallstones present(1), and absent(0)"
databases/normalized/gallstone/folds/val/val_fold_8_gallstone_normalized.csv,Gallstone Status,0,12,"Target variable, Gallstones present(1), and absent(0)"
databases/normalized/gallstone/folds/val/val_fold_6_gallstone_normalized.csv,Gallstone Status,1,13,"Target variable, Gallstones present(1), and absent(0)"
databases/normalized/gallstone/folds/val/val_fold_6_gallstone_normalized.csv,Gallstone Status,0,12,"Target variable, Gallstones present(1), and absent(0)"
databases/normalized/gallstone/folds/val/val_fold_5_gallstone_normalized.csv,Gallstone Status,1,13,"Target variable, Gallstones present(1), and absent(0)"
databases/normalized/gallstone/folds/val/val_fold_5_gallstone_normalized.csv,Gallstone Status,0,12,"Target variable, Gallstones present(1), and absent(0)"
databases/normalized/gallstone/folds/val/val_fold_2_gallstone_normalized.csv,Gallstone Status,0,13,"Target variable, Gallstones present(1), and absent(0)"
databases/normalized/gallstone/folds/val/val_fold_2_gallstone_normalized.csv,Gallstone Status,1,12,"Target variable, Gallstones present(1), and absent(0)"
databases/normalized/gallstone/folds/val/val_fold_9_gallstone_normalized.csv,Gallstone Status,1,13,"Target variable, Gallstones present(1), and absent(0)"
databases/normalized/gallstone/folds/val/val_fold_9_gallstone_normalized.csv,Gallstone Status,0,12,"Target variable, Gallstones present(1), and absent(0)"
databases/normalized/gallstone/folds/val/val_fold_1_gallstone_normalized.csv,Gallstone Status,0,13,"Target variable, Gallstones present(1), and absent(0)"
databases/normalized/gallstone/folds/val/val_fold_1_gallstone_normalized.csv,Gallstone Status,1,12,"Target variable, Gallstones present(1), and absent(0)"
databases/normalized/gallstone/folds/val/val_fold_10_gallstone_normalized.csv,Gallstone Status,1,13,"Target variable, Gallstones present(1), and absent(0)"
databases/normalized/gallstone/folds/val/val_fold_10_gallstone_normalized.csv,Gallstone Status,0,12,"Target variable, Gallstones present(1), and absent(0)"
databases/normalized/gallstone/folds/train/train_fold_7_gallstone_normalized.csv,Gallstone Status,1,114,"Target variable, Gallstones present(1), and absent(0)"
databases/normalized/gallstone/folds/train/train_fold_7_gallstone_normalized.csv,Gallstone Status,0,111,"Target variable, Gallstones present(1), and absent(0)"
databases/normalized/gallstone/folds/train/train_fold_6_gallstone_normalized.csv,Gallstone Status,1,114,"Target variable, Gallstones present(1), and absent(0)"
databases/normalized/gallstone/folds/train/train_fold_6_gallstone_normalized.csv,Gallstone Status,0,111,"Target variable, Gallstones present(1), and absent(0)"
databases/normalized/gallstone/folds/train/train_fold_5_gallstone_normalized.csv,Gallstone Status,1,114,"Target variable, Gallstones present(1), and absent(0)"
databases/normalized/gallstone/folds/train/train_fold_5_gallstone_normalized.csv,Gallstone Status,0,111,"Target variable, Gallstones present(1), and absent(0)"
databases/normalized/gallstone/folds/train/train_fold_4_gallstone_normalized.csv,Gallstone Status,1,114,"Target variable, Gallstones present(1), and absent(0)"
databases/normalized/gallstone/folds/train/train_fold_4_gallstone_normalized.csv,Gallstone Status,0,111,"Target variable, Gallstones present(1), and absent(0)"
databases/normalized/gallstone/folds/train/train_fold_3_gallstone_normalized.csv,Gallstone Status,1,115,"Target variable, Gallstones present(1), and absent(0)"
databases/normalized/gallstone/folds/train/train_fold_3_gallstone_normalized.csv,Gallstone Status,0,110,"Target variable, Gallstones present(1), and absent(0)"
databases/normalized/gallstone/folds/train/train_fold_2_gallstone_normalized.csv,Gallstone Status,1,115,"Target variable, Gallstones present(1), and absent(0)"
databases/normalized/gallstone/folds/train/train_fold_2_gallstone_normalized.csv,Gallstone Status,0,110,"Target variable, Gallstones present(1), and absent(0)"
databases/normalized/gallstone/folds/train/train_fold_10_gallstone_normalized.csv,Gallstone Status,1,114,"Target variable, Gallstones present(1), and absent(0)"
databases/normalized/gallstone/folds/train/train_fold_10_gallstone_normalized.csv,Gallstone Status,0,111,"Target variable, Gallstones present(1), and absent(0)"
databases/normalized/gallstone/folds/train/train_fold_9_gallstone_normalized.csv,Gallstone Status,1,114,"Target variable, Gallstones present(1), and absent(0)"
databases/normalized/gallstone/folds/train/train_fold_9_gallstone_normalized.csv,Gallstone Status,0,111,"Target variable, Gallstones present(1), and absent(0)"
databases/normalized/gallstone/folds/train/train_fold_1_gallstone_normalized.csv,Gallstone Status,1,115,"Target variable, Gallstones present(1), and absent(0)"
databases/normalized/gallstone/folds/train/train_fold_1_gallstone_normalized.csv,Gallstone Status,0,110,"Target variable, Gallstones present(1), and absent(0)"
databases/normalized/gallstone/folds/train/train_fold_8_gallstone_normalized.csv,Gallstone Status,1,114,"Target variable, Gallstones present(1), and absent(0)"
databases/normalized/gallstone/folds/train/train_fold_8_gallstone_normalized.csv,Gallstone Status,0,111,"Target variable, Gallstones present(1), and absent(0)"
