feature,mean_pos,median_pos,std_pos
Linfocitos_median,1.3,0.0,3.8999999999999995
Linfocitos_sum,3.4,2.0,3.954743986657038
Linea1Pembro,5.4,2.5,7.158212067269313
GGT_median,11.2,8.0,8.49470423263812
TNMIV,13.9,12.5,7.803204469959762
Sodio_median,14.9,7.0,15.552813250341561
TNMCOD,22.4,19.0,14.847221962373972
GGT_std,24.4,16.5,21.923503369671554
Linfocitos_std,25.5,21.0,19.93113142799475
EPOCAsma,29.0,22.5,18.862661530123475
EnfDigest,30.9,22.0,29.419211410233277
QTprevia,33.9,27.5,25.08565327034558
GGT_kurtosis,33.9,23.0,34.91546935099112
GGT_min,35.2,25.5,30.43287695897317
Fosfatasa Alcalina_kurtosis,35.5,26.5,27.62697956708261
Vinorelbina,35.5,16.0,35.620920819091694
Fosfatasa Alcalina_skewness,37.2,25.0,39.974491866689185
Sodio_min,40.1,31.0,25.58300216940928
Hepatopatía,40.7,25.5,35.417650966714326
Hemoglobina_initial,42.7,28.0,45.453382712401066
GPT_kurtosis,43.3,19.5,40.63262236184123
Calcio_max,45.3,38.5,31.14177258924097
NºLineasVO,46.2,30.5,36.452160429801694
Neoplasia,47.9,40.5,34.697118035940676
GPT_min,48.3,41.0,34.38037230746637
missingindicator_GPT_initial,48.8,26.0,74.46583109050755
Hemoglobina_max,49.3,39.5,32.62529693351464
Creatinina_skewness,50.6,40.5,32.33017166672642
Neutrófilos_quartile1,53.9,46.5,29.255597754959645
Fosfatasa Alcalina_sum,55.1,34.5,56.470257658346135
Urea_sum,55.2,53.5,40.42721855384068
CAurinario,55.5,16.0,88.69977452057023
PulmonarIntersticial,56.7,43.0,40.07006363858186
Cisplatino,57.1,59.0,33.434862045475825
Adenoescamoso,57.2,56.5,57.81141755743411
TTPa (s)_kurtosis,58.4,50.5,24.804031930313265
Linfocitos_min,59.2,51.5,33.958209611226565
Hemoglobina_median,60.5,47.0,41.381759266614075
Cardiopatía,64.3,58.5,40.853518820292585
GOT_rms,64.5,49.5,51.8946047292009
Plaquetas_max,66.2,53.5,56.52574634624474
Radioterapia,67.4,33.5,81.0187632588896
GPT_median,69.4,47.0,78.12835592792159
GOT_quartile1,70.5,69.5,30.381737935806107
Plaquetas_std,70.7,52.5,54.671839186184336
Linfocitos_max,70.9,64.5,33.61383643680084
Linfocitos_kurtosis,71.5,62.0,46.67601096923344
Bilirrubina total_min,72.0,71.5,39.41826987578222
Leucocitos_std,73.2,48.0,78.78553166667088
Calcio_min,73.9,62.5,46.828303407234394
Fosfatasa Alcalina_homogeneous,77.9,54.5,47.582454749623835
Bilirrubina total_median,78.8,57.5,89.70484936724435
Plaquetas_median,78.9,49.5,125.82483856536436
GOT_std,79.5,49.5,64.87410885707794
Hemoglobina_std,81.6,81.5,36.53272505576336
NºLineas,85.0,62.0,54.08881584948962
Urea_max,85.5,57.5,77.15341858919797
GPT_homogeneous,86.2,62.5,56.145881416182256
CAORL,86.3,61.0,74.57486171626468
LDH_min,88.5,66.5,54.08927805027536
Linea1Cisplatino,90.3,66.5,69.23012350126207
missingindicator_GOT_initial,91.4,66.0,74.15011800395196
Calcio_std,92.2,103.5,56.231308005416345
Creatinina_min,94.2,42.0,145.9916435964744
GGT_sum,94.5,82.0,36.595764782280476
Albumina_kurtosis,96.4,73.0,44.79553549183222
EnfNRL,98.0,87.5,73.26800120107004
Albumina_median,100.8,67.5,109.61459756802466
Osimertinib,103.8,91.5,57.450500432981435
Bilirrubina total_initial,104.2,94.5,46.25753992594072
Leucocitos_initial,105.2,79.0,58.13226298708834
Trasplante,106.5,84.5,75.63233435508916
LDH_skewness,107.2,96.5,41.30811058375824
Potasio_min,107.6,93.5,70.34799215329461
Leucocitos_sum,108.0,91.5,53.79776947049013
Linea1Vinorelbina,110.2,118.5,72.92845809421723
QTinmunosupresores,110.6,103.0,66.71161817854518
Creatinina_median,110.7,90.5,84.3445908164833
GGT_quartile1,114.2,90.5,66.9339973406639
Sodio_sum,115.7,119.0,38.283286170338094
Bilirrubina total_max,116.1,92.5,68.17836900366567
Sodio_rms,117.2,119.5,20.894018282752604
Creatinina_iqr,118.9,93.5,84.39840045877648
TP (s)_std,119.5,87.0,86.96579787479673
Plaquetas_skewness,121.4,115.5,56.16084044955168
Plaquetas_iqr,121.4,113.0,63.99718743819919
EnfCerebroVascular,123.1,116.5,54.54988542609416
Linea1Beva,124.7,104.0,64.59729096486942
Sodio_mean,125.7,125.0,21.56872736162243
Glucosa_std,125.8,92.0,87.85419739545743
GPT_quartile1,127.7,67.0,129.29118299404644
Bilirrubina total_homogeneous,127.8,61.5,144.12203162598007
Albumina_std,128.1,112.5,84.5120701438558
Adenocarcinoma,128.4,79.0,92.83232195738724
GOT_median,133.3,134.0,64.42057124863143
Nivolumab,136.2,137.0,82.42184176539615
MelanomaPiel,137.2,106.5,97.73719865025802
GPT_initial,138.0,94.5,98.86455380974519
CAmama,139.5,143.5,71.84184017687743
CAneuroendocrino,140.9,120.0,99.71704969562629
GOT_quartile3,141.4,121.5,36.05329388558
Plaquetas_kurtosis,141.9,111.0,105.33133436921797
Neutrófilos_quartile3,142.3,143.0,35.02870251665054
FRA,142.7,127.0,82.45974775610217
Hemoglobina_kurtosis,143.3,135.5,75.00273328352775
Albumina_initial,143.9,128.5,103.37064380180672
Creatinina_kurtosis,145.3,100.5,126.93545603967395
Pembrolizumab,150.8,165.5,81.73346927666779
Linea1Carbo,152.5,130.5,97.05797236703434
Leucocitos_quartile3,154.1,169.0,48.40340897085659
Sodio_std,154.2,114.5,122.49963265251043
Sexo,154.8,116.0,109.55345727086845
missingindicator_Calcio_initial,155.1,111.0,123.56654077864282
Durvalumab,155.5,73.0,175.39341492769904
Urea_median,158.0,99.5,146.91562204204155
TTPa (s)_std,160.4,134.0,106.6800824896569
Neutrófilos_max,164.9,142.5,99.71905535051964
TTPa (s)_initial,166.2,167.5,53.80297389550135
LDH_sum,167.0,162.0,85.2830581065196
Creatinina_sum,167.0,139.0,120.16488671820899
GPT_rms,167.0,144.5,93.22553298319082
GGT_initial,167.6,156.0,77.73313321872469
NeoHEM,168.4,125.0,133.3673123370191
Urea_std,169.1,165.0,94.56050972789856
Linfocitos_quartile3,169.4,147.5,76.00421040968718
Albumina_sum,169.6,158.0,65.49839692694776
missingindicator_LDH_initial,171.3,91.5,149.9306839842999
Linfocitos_quartile1,171.8,142.0,95.1344312013269
missingindicator_Bilirrubina total_initial,174.3,131.5,128.92482305591892
Potasio_max,176.3,120.0,111.45676291728556
Linfocitos_homogeneous,176.6,178.0,86.17911579959497
Calcio_homogeneous,178.0,167.0,103.53550115781543
Bevacizumab,178.6,185.5,69.4797812316648
missingindicator_Fosfatasa Alcalina_initial,181.2,135.0,153.32631868012746
LDH_median,181.3,119.0,152.67157561248916
GOT_min,181.5,162.0,71.27306644167908
LDH_mean,185.1,175.5,33.28498159831247
GGT_homogeneous,186.8,195.5,99.07350806345761
missingindicator_Neutrófilos_initial,187.0,190.0,87.61620854613604
TP (s)_sum,187.0,190.0,65.82552696332935
PrótesisArticular,187.0,146.0,131.57355357365705
missingindicator_Leucocitos_initial,187.4,191.0,86.88290971186451
Albumina_homogeneous,187.8,87.0,177.25676291752595
GGT_max,188.1,152.5,130.41276777984586
missingindicator_Hemoglobina_initial,188.1,190.5,87.14866608273475
Urea_min,190.4,168.5,118.5218967111141
Glucosa_quartile1,191.9,156.0,127.04601528580106
Leucocitos_min,192.5,201.5,104.02043068551485
TTPa (s)_median,193.7,128.5,166.19088422654235
GGT_quartile3,194.1,157.5,75.60747317560613
OtrosFarmacos,194.6,149.5,100.03419415379922
LDH_rms,194.8,149.5,103.04542687572312
Leucocitos_mean,195.2,212.5,42.359886685400845
Sodio_kurtosis,196.5,176.0,136.8314656794993
Leucocitos_iqr,198.3,176.5,137.9130523192058
Glucosa_sum,199.9,193.5,98.09836899765459
Linea1Pacli,200.0,154.5,136.22040963086258
missingindicator_Urea_initial,200.8,177.0,133.00736821695256
Paclitaxel,201.5,112.5,185.13306025667052
Neutrófilos_min,204.5,195.5,125.99861110345621
Potasio_skewness,205.0,190.0,124.05482658889174
GPT_mean,205.5,170.0,88.41068939896351
Hemoglobina_quartile3,207.1,186.5,88.1027241349551
Atezolumab,207.5,173.0,105.83406823891823
GPT_sum,207.6,138.5,183.26712743970205
CIsquémica,209.5,178.5,110.43029475646617
GOT_max,209.9,225.5,75.37433250119035
GPT_iqr,210.0,178.0,88.77499647986475
Neutrófilos_median,211.1,204.5,115.93744002693866
Sodio_max,211.6,149.5,164.70045537277667
Neutrófilos_sum,212.7,177.0,146.05002567613604
Creatinina_rms,213.0,208.0,82.10237511789778
Linfocitos_mean,213.8,224.0,38.42082768499398
Creatinina_std,214.4,191.0,115.35701105697912
missingindicator_TNMIV,215.3,189.5,113.32700472526395
Plaquetas_quartile1,216.2,167.0,118.01762580225041
Glucosa_median,218.3,143.0,137.182396829914
Plaquetas_homogeneous,218.6,207.0,101.67025130292538
Albumina_quartile3,219.7,197.0,126.31710098003357
missingindicator_GPT_rms,220.2,209.0,44.69854583764443
missingindicator_GPT_std,220.3,214.0,44.573646922817524
missingindicator_GPT_quartile1,220.6,208.0,44.829008465501445
missingindicator_GPT_kurtosis,220.8,211.5,45.13047750689106
missingindicator_GPT_iqr,220.8,210.0,46.35903363962627
missingindicator_GPT_skewness,220.9,213.0,45.57510285232497
missingindicator_GPT_median,221.0,211.0,46.175751212080996
missingindicator_GPT_sum,221.1,217.0,44.77823131835379
missingindicator_GPT_mean,221.6,215.0,45.6863218042337
missingindicator_GPT_quartile3,221.9,210.5,45.5531557633497
Linfocitos_iqr,222.0,206.0,136.00588222573316
missingindicator_GPT_max,222.5,213.5,45.31721527190302
Potasio_median,222.6,238.0,97.70076765307425
missingindicator_GPT_min,222.7,217.5,47.83732852072741
Gemcitabina,223.0,205.5,127.6879007580593
Potasio_homogeneous,223.1,144.0,186.8381385049637
Plaquetas_min,223.2,186.0,108.92180681571529
Fosfatasa Alcalina_max,223.6,188.5,160.24493751753906
ERC,223.8,219.5,104.34922136748314
Obesidad,224.8,173.0,147.12158237321947
GOT_skewness,225.0,212.0,84.77499631377167
AIT,225.1,220.5,107.82342046141922
Fosfatasa Alcalina_initial,225.6,199.5,111.23776337197724
Neutrófilos_skewness,225.8,216.5,139.96485273096243
CADigestivo,227.6,229.5,133.26154734205963
DM,227.9,226.0,115.84683854123945
Calcio_median,228.0,156.0,159.59448612029178
Albumina_max,228.1,238.0,107.36521783147465
Linfocitos_rms,228.7,199.0,71.33449376003169
Potasio_initial,229.4,213.5,90.21884503805178
TEP,229.6,163.0,153.34940495482854
Leucocitos_max,230.8,245.5,110.4724400020204
missingindicator_TP (s)_initial,231.6,196.5,117.36626431815915
missingindicator_TTPa (s)_initial,232.3,197.5,117.580653170494
Crizotinib,234.8,202.5,131.3231129694998
Irinotecan,235.8,234.0,186.6562616147661
Linfocitos_skewness,238.1,169.5,174.43305306047932
GGT_rms,238.6,195.5,134.6493223154131
Gefitinib,240.6,220.0,148.29713415976724
Sodio_skewness,241.3,190.0,145.15856846910552
Erlotinib,242.5,184.5,121.76308964542581
Bilirrubina total_kurtosis,243.7,229.0,123.75140403243917
Hemoglobina_iqr,244.4,244.5,142.1008092869284
TP (s)_homogeneous,244.4,254.5,110.09922797186182
Potasio_kurtosis,246.0,238.5,89.67719888578144
Alcohol,246.4,215.5,112.56127220318719
Creatinina_mean,249.2,214.0,106.76403888950624
Lorlatinib,249.3,196.0,132.0780451097002
Hemoglobina_sum,250.2,199.5,119.90979943274026
GPT_skewness,250.9,246.5,126.44560095155545
LDH_homogeneous,251.0,180.5,169.85935358407556
Potasio_std,251.5,178.0,118.93548671443692
Bilirrubina total_sum,251.8,186.5,154.44015022007716
Glucosa_quartile3,252.6,233.5,106.45956979060173
TP (s)_min,252.9,254.0,142.68318050842572
Glucosa_mean,256.2,209.5,130.7836381203704
Sodio_quartile3,257.5,265.5,88.33487420039721
Urea_quartile1,257.6,225.5,137.51450832548542
Neutrófilos_rms,258.5,212.0,128.2608669859985
Linfocitos_initial,259.0,252.5,146.83323874382123
TP (s)_kurtosis,259.6,209.0,128.69669770433117
Glucosa_max,260.2,237.0,148.25842303221765
Fosfatasa Alcalina_min,260.6,239.5,139.8157358811947
Albumina_quartile1,260.6,234.0,80.41169069233652
Fosfatasa Alcalina_rms,261.0,221.5,126.00317456318312
Bilirrubina total_quartile1,261.2,218.5,135.92998197601588
Bilirrubina total_std,261.6,233.0,88.28159491083066
Hemoglobina_min,262.1,258.5,160.2663096224531
Hemoglobina_quartile1,262.5,230.5,124.87453703617884
Leucocitos_median,266.3,247.0,169.6325735228939
InjertoCV,266.7,286.5,128.19208243881522
GOT_kurtosis,266.9,252.5,122.99548772211116
Leucocitos_kurtosis,268.8,213.0,165.87332516109996
LDH_std,269.1,234.0,130.5828855554969
GOT_sum,270.3,230.0,143.06295816877267
Bilirrubina total_mean,271.0,233.5,73.55678078872131
NºLineasIV,272.2,238.0,107.96647627851897
Neutrófilos_kurtosis,272.7,243.0,133.05716816466523
Neutrófilos_std,273.8,238.0,110.16787190465286
TP (s)_skewness,274.0,276.5,60.67948582511226
Linea1Atezo,274.9,225.5,134.372951147171
Bilirrubina total_skewness,275.1,268.0,70.84130151260634
Neutrófilos_initial,275.5,224.0,129.1899763913594
Linea1Pemetrexed,277.0,240.0,110.30321844805799
Fosfatasa Alcalina_iqr,277.7,246.0,177.620972860752
TTPa (s)_homogeneous,277.9,285.5,167.90738518600068
Urea_rms,278.6,239.0,137.4301277013159
TTPa (s)_mean,279.2,266.5,70.46814883335591
Creatinina_quartile1,280.0,276.5,97.0319534998652
Edad,281.1,288.5,144.5395793545837
ValvAórtica,282.2,252.0,145.06260717359245
Glucosa_kurtosis,283.8,233.0,123.17207475722734
TP (s)_rms,285.1,258.5,56.30532834466024
Alectinib,286.0,280.0,134.5302939861502
missingindicator_Fosfatasa Alcalina_quartile1,286.9,288.0,32.895136418625775
missingindicator_Fosfatasa Alcalina_min,287.4,287.5,35.4152509520969
missingindicator_Fosfatasa Alcalina_max,287.8,288.5,36.270649291127945
missingindicator_Fosfatasa Alcalina_std,288.5,288.0,31.950743340335606
Creatinina_initial,288.9,293.5,123.91565679929232
missingindicator_Fosfatasa Alcalina_median,289.4,293.0,34.15611219093883
missingindicator_Fosfatasa Alcalina_quartile3,289.6,288.5,36.01721810467877
missingindicator_Fosfatasa Alcalina_skewness,289.7,287.5,35.80796000891422
missingindicator_Fosfatasa Alcalina_rms,290.0,289.0,33.633316815324655
missingindicator_Fosfatasa Alcalina_mean,290.1,291.5,35.728000223914016
missingindicator_Fosfatasa Alcalina_sum,290.1,287.0,33.7
missingindicator_Fosfatasa Alcalina_kurtosis,290.4,291.0,33.67551038959915
missingindicator_Fosfatasa Alcalina_iqr,290.5,294.5,32.82148686455262
Linea1Gemcitabina,290.6,294.0,133.66241057230712
Fosfatasa Alcalina_median,294.1,281.5,156.55123761887032
TTPa (s)_max,294.9,235.0,111.02022338294947
Linea1Etoposido,295.9,238.0,126.28099619499365
Albumina_min,295.9,255.0,138.29204604748602
Urea_skewness,296.0,290.5,136.56500283747664
TP (s)_initial,296.1,276.0,93.62099123594025
Etoposido,297.5,269.5,123.17406382838881
Bilirrubina total_iqr,298.2,325.5,134.7729943274987
Leucocitos_rms,299.8,260.5,117.01350349425488
GPT_max,301.8,326.5,136.99693427226757
Sodio_initial,301.9,303.5,167.219885181159
LDH_iqr,302.2,274.5,138.6
Urea_kurtosis,302.6,296.0,143.12036892070952
TTPa (s)_sum,303.2,262.5,125.53230659873975
GPT_std,303.9,314.0,137.4499545289121
GOT_mean,304.1,311.0,93.07464746105676
Sodio_homogeneous,304.8,260.5,169.44485828729063
GPT_quartile3,305.5,289.5,82.57875029328065
Traqueostomía,306.2,233.5,154.28337564365125
Sodio_quartile1,306.9,278.5,99.977447456914
Afatinib,310.0,309.5,150.66519173319364
Brigatinib,310.1,297.5,101.9396390026961
Fosfatasa Alcalina_quartile3,310.6,304.0,121.78686300254229
Calcio_sum,310.7,237.0,130.7868877219731
Creatinina_quartile3,310.7,347.5,82.5179374439279
LDH_quartile3,311.0,305.0,76.41858412716111
Docetaxel,311.8,349.0,159.87232405891896
Plaquetas_initial,312.2,315.5,77.92791540904967
missingindicator_GOT_quartile1,312.9,307.0,51.23758386184891
Plaquetas_sum,313.4,308.5,150.34906052250543
Urea_initial,313.5,302.0,162.18338385913646
missingindicator_GOT_min,314.3,306.0,53.49401835719579
missingindicator_GOT_quartile3,314.4,308.0,49.92033653732715
missingindicator_GOT_max,314.7,304.5,52.421465069187065
missingindicator_GOT_kurtosis,314.7,309.0,52.53770074908113
missingindicator_GOT_std,314.7,304.5,53.98527577034316
missingindicator_GOT_mean,314.8,306.5,52.814391977944794
Calcio_iqr,314.9,308.5,137.874181774544
missingindicator_GOT_skewness,314.9,307.0,52.80047348272551
missingindicator_GOT_rms,315.3,306.0,51.03537988493864
missingindicator_GOT_median,315.3,308.5,52.56624392136079
missingindicator_GOT_iqr,315.5,307.0,50.608793702280636
missingindicator_GOT_sum,317.3,312.5,53.69925511587661
Fosfatasa Alcalina_mean,317.4,333.5,57.71169725454278
LDH_quartile1,318.2,320.5,56.35388185387055
Urea_quartile3,320.9,286.0,137.02733303979903
Mesotelioma,322.0,304.5,129.14333122542564
Calcio_skewness,322.3,286.0,89.2110419174667
Urea_iqr,322.8,295.0,118.40844564472587
TTPa (s)_min,323.5,307.5,126.79925078643012
Urea_mean,323.8,299.5,109.63922655692168
GOT_iqr,327.0,318.0,74.89058685842969
CAóseo,327.5,303.5,142.734894121935
CATiroides,330.5,302.5,118.330258176005
Calcio_initial,331.5,361.5,142.77832468550682
Epidermoide,331.6,368.0,153.4204679956361
Calcio_rms,332.1,329.0,76.91482301871338
missingindicator_Calcio_median,333.0,335.0,66.1921445490324
Pemetrexed,333.0,330.5,97.82739902501753
Carboplatino,333.2,330.5,97.5661826659217
missingindicator_Calcio_quartile3,334.1,331.0,70.15048111025327
missingindicator_Calcio_std,334.3,335.5,66.96125745533756
missingindicator_Calcio_kurtosis,334.4,335.0,68.18826878576695
missingindicator_Calcio_mean,334.5,334.0,66.07306561678517
missingindicator_Calcio_skewness,334.9,337.5,68.47108878935694
missingindicator_Calcio_quartile1,335.2,336.0,69.13725479074216
missingindicator_Albumina_initial,335.3,331.0,151.0225479853919
Calcio_quartile3,335.4,325.5,82.19026706368584
missingindicator_Calcio_min,335.4,333.0,67.66269282255917
missingindicator_Calcio_rms,335.7,340.0,67.21614389415686
missingindicator_Calcio_sum,336.5,337.5,67.40066765247953
GGT_skewness,336.8,310.5,120.76241137042602
GOT_initial,337.1,289.0,139.67780782930407
missingindicator_Calcio_max,337.1,337.0,67.91973203716282
missingindicator_Calcio_iqr,337.3,340.0,67.46117401883842
Creatinina_max,337.6,334.5,132.12055101308047
TP (s)_iqr,337.9,369.0,137.7007262144975
HistOtros,338.6,384.5,146.4801693062921
Fosfatasa Alcalina_quartile1,338.6,375.0,141.1532500511412
TP (s)_median,338.7,373.0,120.63337017591773
Calcio_kurtosis,339.2,322.5,141.374538018697
Plaquetas_quartile3,340.6,320.5,115.93377419889339
missingindicator_Creatinina_initial,340.9,308.5,150.85585835492103
Hemoglobina_mean,341.0,325.0,81.7618492941543
TTPa (s)_quartile3,344.0,304.5,127.04487396191945
Glucosa_skewness,344.4,305.0,148.17030741683706
Sodio_iqr,344.9,322.0,132.6344223797126
Artropatía,346.0,300.5,81.18866916017284
Potasio_iqr,347.1,311.5,98.82656525449015
GOT_homogeneous,348.4,327.0,97.87359194389465
Glucosa_min,351.2,342.0,102.12717561942071
CAGenitalFem,352.4,293.5,170.60375142417004
Albumina_skewness,354.2,333.0,85.9334626324344
DosisRT,354.3,328.5,131.95078628034014
Glucosa_initial,354.7,369.5,92.53004917322805
Potasio_sum,355.2,322.5,115.07545350768773
Leucocitos_skewness,355.9,373.5,149.8582330070657
Fosfatasa Alcalina_std,356.3,396.0,141.43129073864807
Leucocitos_quartile1,356.5,359.5,95.91689110891782
ValvMitral,363.3,383.0,161.01866351451312
missingindicator_GGT_initial,363.7,391.5,177.30203044522645
CelPeq,364.1,379.0,108.58494370767984
Potasio_quartile1,364.2,400.0,127.41648245027015
Bilirrubina total_quartile3,364.3,358.5,112.23372933303072
missingindicator_LDH_mean,365.4,361.0,97.58196554691855
missingindicator_LDH_sum,365.8,360.5,100.33822800906941
Glucosa_iqr,365.9,389.5,128.9266845924458
missingindicator_LDH_rms,366.2,364.5,102.78015372629095
missingindicator_LDH_skewness,366.4,363.5,97.31413052583885
Neutrófilos_iqr,366.4,348.0,105.48383762453848
LDH_max,366.4,331.5,79.21641244085723
missingindicator_LDH_kurtosis,366.9,362.5,100.38769844956103
Albumina_iqr,366.9,363.0,95.37866637775976
missingindicator_LDH_median,367.0,363.0,99.3871219021861
missingindicator_LDH_iqr,367.0,369.0,101.82828683622247
missingindicator_LDH_min,367.1,366.5,100.8369475936276
missingindicator_LDH_std,367.1,360.5,100.06542859549445
Hemoglobina_skewness,367.1,402.5,149.874914512069
missingindicator_LDH_quartile1,367.2,367.0,98.39288592169659
Hemoglobina_homogeneous,367.3,374.0,127.72630895786506
missingindicator_LDH_quartile3,367.5,363.5,99.5884029392981
Albumina_rms,367.8,336.5,85.58481173666272
missingindicator_GGT_rms,367.9,381.0,46.95838583256456
missingindicator_LDH_max,368.0,366.5,98.04080783020915
Plaquetas_rms,368.1,370.5,90.89933993159686
Glucosa_rms,369.3,355.0,129.18208080070548
TP (s)_max,369.4,329.0,123.5250581865882
missingindicator_GGT_quartile1,369.6,378.5,44.69049115863463
missingindicator_GGT_kurtosis,369.8,381.0,44.15382203162032
missingindicator_GGT_sum,370.7,383.5,46.95114482097321
missingindicator_GGT_mean,370.7,382.5,47.562695466089814
missingindicator_GGT_median,370.8,383.5,44.390990076816266
missingindicator_GGT_iqr,371.0,381.0,47.165665478184444
missingindicator_GGT_skewness,371.0,382.0,47.391982444291145
LES,371.2,360.5,76.47195564388295
missingindicator_GGT_quartile3,371.3,382.5,46.953274646184155
missingindicator_GGT_min,371.5,387.5,49.19806906779981
missingindicator_GGT_std,371.8,382.5,45.466031276107664
missingindicator_GGT_max,372.3,385.5,47.25896740302311
Bilirrubina total_rms,372.6,387.5,93.15707165857029
Linea1Nivo,374.4,377.0,130.99480905745844
missingindicator_Linfocitos_initial,376.5,396.5,108.10666029435929
missingindicator_Plaquetas_initial,376.7,396.5,108.31440347433022
TTPa (s)_iqr,377.4,401.5,165.78371451985265
LDH_initial,380.1,453.5,168.11035066289045
TTPa (s)_quartile1,380.5,386.5,121.9428144664539
LDH_kurtosis,388.8,389.0,127.61802380541707
Potasio_quartile3,390.5,452.5,131.90621668443077
missingindicator_Linea1Etoposido,390.9,398.0,51.014605751686446
missingindicator_Linea1Pembro,391.0,393.5,51.65075023656481
missingindicator_Linea1Gemcitabina,392.3,398.0,51.68568467187022
missingindicator_Linea1Pemetrexed,392.4,398.0,52.067648304873536
missingindicator_Linea1Vinorelbina,392.6,400.0,51.199999999999996
missingindicator_Linea1Atezo,392.9,400.0,52.08733051328317
missingindicator_Linea1Beva,393.0,395.5,50.785824793932406
Albumina_mean,393.1,374.0,81.55053647892208
missingindicator_Linea1Pacli,393.3,395.5,49.1223981499275
missingindicator_Linea1Carbo,393.6,399.5,53.09651589322975
missingindicator_Linea1Nivo,393.8,400.0,51.995769058645536
missingindicator_Linea1Cisplatino,393.9,400.0,50.536026753198556
TTPa (s)_rms,403.1,428.0,100.41060700941908
GGT_iqr,404.8,418.5,96.60103519114068
Hemoglobina_rms,408.5,385.0,94.56664316766246
missingindicator_Sodio_initial,409.5,387.0,117.95952695734245
missingindicator_Potasio_initial,409.5,388.0,117.68453594249331
TP (s)_quartile1,409.9,402.0,92.9951073981852
GGT_mean,410.5,406.5,66.10786640030065
Calcio_quartile1,417.6,422.5,94.17133321770486
missingindicator_Glucosa_initial,424.2,414.5,114.63577103155889
Potasio_rms,425.0,435.5,74.11207728838802
missingindicator_Plaquetas_quartile1,426.8,431.0,42.878432807181746
missingindicator_Plaquetas_kurtosis,428.8,436.5,42.91806146600753
missingindicator_Linfocitos_median,428.8,435.5,39.71095566717074
missingindicator_Linfocitos_sum,428.9,437.0,43.46596369574704
missingindicator_Linfocitos_std,429.8,435.5,42.653956440170944
missingindicator_Linfocitos_min,430.0,434.5,38.09199390948182
missingindicator_Linfocitos_mean,430.9,441.0,42.162661206332785
missingindicator_Plaquetas_sum,430.9,441.0,43.880405649902556
missingindicator_Plaquetas_std,431.1,439.5,46.34317641249896
missingindicator_Plaquetas_quartile3,431.2,440.5,39.92693326565415
missingindicator_Linfocitos_rms,431.4,434.0,41.69220550654523
Indiferenciado,431.4,449.5,128.75107766539276
missingindicator_Plaquetas_max,431.5,440.0,43.85487430149584
missingindicator_Plaquetas_median,431.7,436.5,45.89346358687695
missingindicator_Linfocitos_iqr,432.0,432.5,39.31411960097797
missingindicator_Plaquetas_iqr,432.1,436.5,40.6188379942115
missingindicator_Plaquetas_skewness,432.1,439.0,46.70428245889235
missingindicator_Linfocitos_max,432.3,442.0,41.315977538961846
missingindicator_Plaquetas_min,432.5,437.5,41.4348886809172
missingindicator_Linfocitos_kurtosis,432.6,440.0,40.8391968579207
missingindicator_Linfocitos_quartile3,433.2,433.0,43.4897689117797
missingindicator_Plaquetas_mean,433.2,432.5,44.568598811270704
missingindicator_Plaquetas_rms,433.9,434.5,41.507710127155896
missingindicator_Linfocitos_quartile1,435.1,438.5,43.62671200079144
missingindicator_Linfocitos_skewness,435.2,439.0,44.001818144253996
TTPa (s)_skewness,445.1,443.5,71.74182880300725
Potasio_mean,448.6,465.5,70.56798140800117
Calcio_mean,451.3,466.0,79.44312430915592
Neutrófilos_mean,454.1,469.0,89.83145328892326
Plaquetas_mean,454.3,461.0,73.23394021899956
TP (s)_quartile3,457.8,502.0,103.8814709175799
missingindicator_Bilirrubina total_quartile1,478.0,493.0,78.45635729499554
missingindicator_Bilirrubina total_skewness,478.5,493.0,79.18996148502663
missingindicator_Bilirrubina total_quartile3,478.8,490.0,77.31856180762806
missingindicator_Bilirrubina total_kurtosis,479.1,494.0,79.78402095658002
missingindicator_Bilirrubina total_max,479.1,492.0,78.60464362873226
Glucosa_homogeneous,479.3,467.0,75.96453119713173
missingindicator_Bilirrubina total_min,479.4,488.5,77.65719541678028
missingindicator_Bilirrubina total_std,479.6,496.5,79.06731309460314
missingindicator_Bilirrubina total_mean,479.6,488.5,78.91286333672096
missingindicator_Bilirrubina total_rms,479.8,491.0,79.18307900050364
missingindicator_Bilirrubina total_iqr,480.0,489.0,78.65494262918256
missingindicator_Bilirrubina total_median,480.5,497.5,78.48598601024261
Leucocitos_homogeneous,481.5,477.0,50.83748616916458
missingindicator_Bilirrubina total_sum,481.6,491.0,78.50503168587348
Neutrófilos_homogeneous,483.3,480.5,50.18973998737192
missingindicator_Albumina_max,483.9,504.5,73.91677752716227
missingindicator_Albumina_std,484.2,504.0,73.15572431464267
missingindicator_Albumina_mean,484.4,503.0,74.45025184645112
missingindicator_Albumina_median,484.5,505.0,71.66205411513126
TP (s)_mean,484.7,477.0,47.68867790157324
missingindicator_Albumina_kurtosis,485.9,507.5,74.01412027444493
missingindicator_Albumina_quartile3,486.0,508.0,73.32121111929344
missingindicator_Albumina_iqr,486.1,507.0,71.89777465262746
missingindicator_Albumina_skewness,486.2,507.5,75.40928324815188
missingindicator_Albumina_rms,486.2,508.0,72.94353980991052
missingindicator_Albumina_sum,486.3,507.0,73.53781340235784
missingindicator_Albumina_quartile1,486.8,506.5,74.41343964634345
missingindicator_Albumina_min,487.9,510.0,75.51086014607435
missingindicator_Leucocitos_skewness,493.4,496.0,48.69743319724357
missingindicator_Leucocitos_sum,496.1,504.5,50.12075418426981
missingindicator_Hemoglobina_median,496.5,494.5,54.780014603868075
missingindicator_Hemoglobina_kurtosis,497.1,498.0,55.53998559596501
missingindicator_Hemoglobina_std,497.3,500.0,53.805297136992
missingindicator_Hemoglobina_min,497.3,487.5,52.318352420541686
missingindicator_Hemoglobina_quartile1,497.4,501.0,56.87917017678792
missingindicator_Hemoglobina_quartile3,497.4,499.5,57.46511985543926
missingindicator_Hemoglobina_max,497.9,488.5,51.962390245253346
missingindicator_Leucocitos_rms,498.0,501.5,51.14489221808958
missingindicator_Neutrófilos_mean,498.0,501.5,50.23942674832188
missingindicator_Neutrófilos_median,498.1,500.5,52.821302520858
missingindicator_Leucocitos_quartile3,498.6,500.0,51.18241885647844
missingindicator_Hemoglobina_sum,498.7,496.5,50.98244796005778
missingindicator_Hemoglobina_rms,499.0,500.5,56.418082207746124
missingindicator_Leucocitos_median,500.0,490.0,51.080328894790796
missingindicator_Hemoglobina_skewness,500.3,498.5,49.94006407685116
missingindicator_TTPa (s)_mean,500.6,500.0,26.729010456805167
missingindicator_Hemoglobina_iqr,500.7,501.0,58.077620474671654
missingindicator_Neutrófilos_iqr,500.9,496.0,48.81895123822304
missingindicator_Neutrófilos_max,501.2,498.0,54.32089837254166
missingindicator_Hemoglobina_mean,501.3,503.5,49.805722562773845
missingindicator_Leucocitos_max,501.9,491.5,49.78041783673576
missingindicator_TTPa (s)_median,502.2,493.0,27.36347931093559
missingindicator_Neutrófilos_quartile3,502.2,497.0,49.75901928294005
missingindicator_Neutrófilos_min,502.2,494.0,51.72001546790179
missingindicator_Leucocitos_kurtosis,502.3,505.5,47.07876379005719
missingindicator_TP (s)_quartile1,502.5,504.5,29.54064995899718
missingindicator_Neutrófilos_std,502.7,505.5,51.40437724552258
missingindicator_TTPa (s)_max,502.8,502.0,29.488302765673037
missingindicator_Leucocitos_std,502.9,504.5,47.59296166451506
missingindicator_TTPa (s)_min,503.3,503.0,28.69163641202781
missingindicator_Neutrófilos_sum,503.3,511.0,53.518314622192655
missingindicator_TTPa (s)_kurtosis,503.4,498.0,28.976542236781807
missingindicator_Neutrófilos_rms,503.5,502.5,48.106652346634974
missingindicator_TP (s)_iqr,503.7,505.0,28.955310393777513
Creatinina_homogeneous,503.7,558.0,97.55413881532654
missingindicator_Leucocitos_iqr,503.9,502.5,55.073496348062015
missingindicator_Leucocitos_quartile1,504.0,508.5,55.4346462061408
missingindicator_TP (s)_mean,504.3,508.5,23.908366736354033
missingindicator_TP (s)_min,504.4,510.0,24.331872102244827
missingindicator_TTPa (s)_iqr,504.5,501.0,29.292490505247244
missingindicator_TTPa (s)_rms,504.6,506.0,31.95684590193469
missingindicator_TP (s)_kurtosis,504.9,503.0,28.78002779706788
missingindicator_Leucocitos_mean,504.9,498.0,46.86885959781825
missingindicator_TTPa (s)_quartile3,505.2,497.0,30.221846402892066
missingindicator_Neutrófilos_skewness,505.2,506.0,51.64649068426624
VIH,505.3,546.0,144.61469496562236
missingindicator_TTPa (s)_sum,505.6,506.0,29.377542443165666
missingindicator_TP (s)_sum,505.7,506.0,26.563320575560578
missingindicator_TTPa (s)_std,505.8,507.0,27.5056357861439
missingindicator_TTPa (s)_skewness,505.8,505.0,30.616335509005648
missingindicator_TP (s)_rms,505.8,507.5,27.315929418564544
missingindicator_TP (s)_std,505.8,506.5,26.92879499717728
missingindicator_Neutrófilos_quartile1,505.9,505.0,50.46474016578308
missingindicator_TTPa (s)_quartile1,506.1,500.0,31.658963975468307
missingindicator_Leucocitos_min,506.5,500.0,52.41230771488697
missingindicator_Neutrófilos_kurtosis,506.8,505.0,49.00571395255864
missingindicator_TP (s)_median,507.1,508.0,24.07675227267997
missingindicator_TP (s)_quartile3,507.1,511.0,28.264642223102705
missingindicator_TP (s)_skewness,507.8,507.0,23.378622713923935
missingindicator_TP (s)_max,508.6,511.0,27.90053762922858
Crohn,555.4,575.5,97.36138865073772
Urea_homogeneous,574.8,578.0,10.961751684835775
missingindicator_Creatinina_kurtosis,591.9,592.0,9.310746479203479
missingindicator_Creatinina_quartile1,592.7,589.0,10.266937225872184
missingindicator_Creatinina_sum,593.7,594.0,6.2136945531623935
missingindicator_Creatinina_std,594.3,594.5,6.466065264130885
missingindicator_Creatinina_iqr,594.7,587.0,13.312024639400274
missingindicator_Creatinina_skewness,594.8,593.0,8.034923770640265
missingindicator_Creatinina_quartile3,595.8,590.5,13.444701558606647
missingindicator_Sodio_rms,597.0,585.5,19.136352839556444
missingindicator_Sodio_quartile3,597.2,588.0,16.53360214835231
missingindicator_Sodio_iqr,597.5,586.0,18.564751546950472
missingindicator_Urea_kurtosis,597.7,599.0,8.46226919921601
missingindicator_Urea_skewness,597.7,598.5,8.367197858303578
missingindicator_Urea_sum,599.1,598.0,8.971621926942753
missingindicator_Creatinina_rms,599.1,592.0,15.208221460775746
missingindicator_Urea_std,599.2,597.0,8.908422980528034
missingindicator_Sodio_skewness,599.4,591.0,13.447676379211392
missingindicator_Sodio_kurtosis,599.6,591.5,16.37192719260625
missingindicator_Creatinina_median,599.8,600.0,7.8204859184068605
missingindicator_Creatinina_max,600.0,603.0,6.826419266350405
missingindicator_Urea_quartile1,600.0,600.5,4.8373546489791295
missingindicator_Urea_min,600.1,608.5,15.456066770042112
missingindicator_Urea_median,600.2,602.5,12.262136844775464
missingindicator_Urea_quartile3,600.2,601.5,4.64327470649756
missingindicator_Urea_rms,600.2,602.5,5.362835071116769
missingindicator_Urea_mean,600.3,609.0,14.290206436577463
missingindicator_Creatinina_mean,600.4,603.0,7.116178749862878
missingindicator_Urea_iqr,600.4,602.0,4.651881339845202
missingindicator_Creatinina_min,600.6,603.0,4.903060268852505
missingindicator_Sodio_quartile1,601.0,603.0,16.625281952496323
missingindicator_Sodio_std,602.6,596.0,15.232859219463691
missingindicator_Sodio_sum,602.8,596.0,14.844527611210806
missingindicator_Potasio_min,602.9,610.5,17.626400653565092
missingindicator_Urea_max,603.0,608.0,12.345039489608771
missingindicator_Sodio_median,607.7,611.0,16.22374802565671
missingindicator_Potasio_max,609.4,617.5,18.331393836803574
missingindicator_Potasio_rms,611.6,614.0,17.356266879718117
missingindicator_Sodio_max,612.5,621.0,14.513786549346797
missingindicator_Sodio_min,612.9,622.5,14.466858677681206
missingindicator_Potasio_skewness,614.7,614.0,13.689777207829206
missingindicator_Potasio_sum,615.2,615.0,11.124747188138704
missingindicator_Sodio_mean,615.3,622.5,13.281942628998214
missingindicator_Potasio_kurtosis,615.7,617.0,13.364505228402582
missingindicator_Potasio_std,616.8,616.0,12.014990636700471
missingindicator_Potasio_quartile1,616.8,613.0,10.721940122944167
missingindicator_Potasio_mean,617.8,618.0,13.196969349058895
missingindicator_Potasio_quartile3,618.0,616.5,11.480418110852932
missingindicator_Potasio_median,619.9,618.0,7.9177016867270265
missingindicator_Potasio_iqr,620.3,620.5,9.747307320486001
ACmonoclonalprevio,624.6,638.0,23.954957733212552
missingindicator_Glucosa_skewness,625.9,630.0,14.117011015083895
missingindicator_Glucosa_std,626.4,630.5,12.451505933018705
missingindicator_Glucosa_quartile1,626.5,628.5,14.759742545180115
missingindicator_Glucosa_kurtosis,626.6,630.5,13.712767773137559
missingindicator_Glucosa_max,626.6,632.0,15.818975946628152
missingindicator_Glucosa_sum,626.6,630.0,13.016912076218384
missingindicator_Glucosa_rms,627.0,633.5,15.658863304850707
missingindicator_Glucosa_min,627.6,632.0,15.742934923323542
missingindicator_Glucosa_quartile3,627.7,633.0,14.926821496889417
missingindicator_Glucosa_mean,627.8,634.0,15.295751043999115
missingindicator_Glucosa_iqr,628.1,636.0,17.288435441068692
missingindicator_Glucosa_median,628.4,633.5,16.0262285020525
Desnutrición,640.7,641.0,0.7810249675906654
CASNC,642.2,642.5,0.9797958971132713
CAGenitalMasc,642.5,642.5,0.5
